{"cameraMode":{"drawMode":0,"name":"Shaded","section":"Shading Mode"},"sceneLighting":true,"audioPlay":false,"sceneViewState":{"showFog":true,"showMaterialUpdate":false,"showSkybox":true,"showFlares":true,"showImageEffects":true,"showParticleSystems":true},"in2DMode":false,"pivot":{"x":-0.40412086248397829,"y":11.321329116821289,"z":-7.836829662322998},"rotation":{"x":0.5120565295219421,"y":0.007485924754291773,"z":-0.004441349301487207,"w":0.8589200973510742},"size":4.50144624710083,"orthographic":false}